{
  "config": {
    "N_SEEDS": 10,
    "SEG_SIZE": 500,
    "N_SEGMENTS": 10,
    "WINDOW": 400,
    "LAM": 0.01,
    "DELTA": 0.05,
    "D_VALUES": [
      55,
      105,
      200
    ],
    "R_VALUES": [
      5,
      10,
      20
    ]
  },
  "results": {
    "d=55,r=5": {
      "LinTS": [
        6412.078352710759,
        6406.009501380072,
        6383.211393407017,
        6387.7410276683,
        6438.257533154533,
        6453.271770371262,
        6336.618032406589,
        6370.820784431037,
        6374.567893072067,
        6396.9603955517505
      ],
      "SW-LinTS": [
        6535.801665660197,
        6593.681313957938,
        6603.717237734249,
        6625.818612079875,
        6633.880337985252,
        6605.907132280732,
        6527.272018838768,
        6604.679185742985,
        6559.35199968801,
        6582.261238411886
      ]
    },
    "d=55,r=10": {
      "LinTS": [
        6412.078352710759,
        6406.009501380072,
        6383.211393407017,
        6387.7410276683,
        6438.257533154533,
        6453.271770371262,
        6336.618032406589,
        6370.820784431037,
        6374.567893072067,
        6396.9603955517505
      ],
      "SW-LinTS": [
        6535.801665660197,
        6593.681313957938,
        6603.717237734249,
        6625.818612079875,
        6633.880337985252,
        6605.907132280732,
        6527.272018838768,
        6604.679185742985,
        6559.35199968801,
        6582.261238411886
      ]
    },
    "d=55,r=20": {
      "LinTS": [
        6412.078352710759,
        6406.009501380072,
        6383.211393407017,
        6387.7410276683,
        6438.257533154533,
        6453.271770371262,
        6336.618032406589,
        6370.820784431037,
        6374.567893072067,
        6396.9603955517505
      ],
      "SW-LinTS": [
        6535.801665660197,
        6593.681313957938,
        6603.717237734249,
        6625.818612079875,
        6633.880337985252,
        6605.907132280732,
        6527.272018838768,
        6604.679185742985,
        6559.35199968801,
        6582.261238411886
      ]
    },
    "d=105,r=5": {
      "LinTS": [
        6675.233710768107,
        6808.492951235445,
        6692.941834901384,
        6723.797045312683,
        6738.552134082722,
        6800.529824667102,
        6759.854595899764,
        6728.367607571944,
        6762.823174937094,
        6740.9775179458575
      ],
      "SW-LinTS": [
        6822.663929746023,
        6902.850321633985,
        6892.832946893608,
        6885.105180245935,
        6880.056909878639,
        6894.12228278778,
        6805.615196558982,
        6863.144129955175,
        6859.602661645145,
        6934.592154148028
      ]
    },
    "d=105,r=10": {
      "LinTS": [
        6675.233710768107,
        6808.492951235445,
        6692.941834901384,
        6723.797045312683,
        6738.552134082722,
        6800.529824667102,
        6759.854595899764,
        6728.367607571944,
        6762.823174937094,
        6740.9775179458575
      ],
      "SW-LinTS": [
        6822.663929746023,
        6902.850321633985,
        6892.832946893608,
        6885.105180245935,
        6880.056909878639,
        6894.12228278778,
        6805.615196558982,
        6863.144129955175,
        6859.602661645145,
        6934.592154148028
      ]
    },
    "d=105,r=20": {
      "LinTS": [
        6675.233710768107,
        6808.492951235445,
        6692.941834901384,
        6723.797045312683,
        6738.552134082722,
        6800.529824667102,
        6759.854595899764,
        6728.367607571944,
        6762.823174937094,
        6740.9775179458575
      ],
      "SW-LinTS": [
        6822.663929746023,
        6902.850321633985,
        6892.832946893608,
        6885.105180245935,
        6880.056909878639,
        6894.12228278778,
        6805.615196558982,
        6863.144129955175,
        6859.602661645145,
        6934.592154148028
      ]
    },
    "d=200,r=5": {
      "LinTS": [
        7101.535353522006,
        7164.041483664856,
        7140.754919640009,
        7145.827134119621,
        7173.672818449916,
        7198.3583063707265,
        7110.676680466745,
        7078.012287914347,
        7093.380174663183,
        7134.767781094658
      ],
      "SW-LinTS": [
        7173.661176063326,
        7221.3545058293585,
        7172.958932399224,
        7216.90606494753,
        7232.168142175472,
        7200.744368730582,
        7183.559151717576,
        7205.43656086313,
        7193.756765934217,
        7224.061992628601
      ]
    },
    "d=200,r=10": {
      "LinTS": [
        7101.535353522006,
        7164.041483664856,
        7140.754919640009,
        7145.827134119621,
        7173.672818449916,
        7198.3583063707265,
        7110.676680466745,
        7078.012287914347,
        7093.380174663183,
        7134.767781094658
      ],
      "SW-LinTS": [
        7173.661176063326,
        7221.3545058293585,
        7172.958932399224,
        7216.90606494753,
        7232.168142175472,
        7200.744368730582,
        7183.559151717576,
        7205.43656086313,
        7193.756765934217,
        7224.061992628601
      ]
    },
    "d=200,r=20": {
      "LinTS": [
        7101.535353522006,
        7164.041483664856,
        7140.754919640009,
        7145.827134119621,
        7173.672818449916,
        7198.3583063707265,
        7110.676680466745,
        7078.012287914347,
        7093.380174663183,
        7134.767781094658
      ],
      "SW-LinTS": [
        7173.661176063326,
        7221.3545058293585,
        7172.958932399224,
        7216.90606494753,
        7232.168142175472,
        7200.744368730582,
        7183.559151717576,
        7205.43656086313,
        7193.756765934217,
        7224.061992628601
      ]
    }
  }
}