{
  "config": {
    "D": 93,
    "K": 8,
    "T": 5000,
    "N_ACTIONS": 40,
    "SIGMA_EPS": 0.3,
    "N_SEEDS": 10,
    "WINDOW": 200,
    "LAM": 1.0,
    "DELTA": 0.05,
    "R_VALUES": [
      1,
      2,
      3,
      5,
      10
    ]
  },
  "results": {
    "r=1": {
      "LinTS": [
        1977.4519582894936,
        1874.661137508401,
        1893.8754682187405,
        1859.1330221555697,
        2071.5236221927344,
        2011.3184466531984,
        1965.693745150041,
        1980.051371733594,
        1931.572742339284,
        1927.4544093371585
      ],
      "SW-LinTS": [
        2106.4814339016366,
        1960.8726277301982,
        2014.8078677750245,
        1946.835164190096,
        2180.337969668976,
        2116.0996142915224,
        2103.851842458816,
        2066.669315784608,
        2053.4479807702405,
        2049.509980774591
      ]
    },
    "r=2": {
      "LinTS": [
        1977.4519582894936,
        1874.661137508401,
        1893.8754682187405,
        1859.1330221555697,
        2071.5236221927344,
        2011.3184466531984,
        1965.693745150041,
        1980.051371733594,
        1931.572742339284,
        1927.4544093371585
      ],
      "SW-LinTS": [
        2106.4814339016366,
        1960.8726277301982,
        2014.8078677750245,
        1946.835164190096,
        2180.337969668976,
        2116.0996142915224,
        2103.851842458816,
        2066.669315784608,
        2053.4479807702405,
        2049.509980774591
      ]
    },
    "r=3": {
      "LinTS": [
        1977.4519582894936,
        1874.661137508401,
        1893.8754682187405,
        1859.1330221555697,
        2071.5236221927344,
        2011.3184466531984,
        1965.693745150041,
        1980.051371733594,
        1931.572742339284,
        1927.4544093371585
      ],
      "SW-LinTS": [
        2106.4814339016366,
        1960.8726277301982,
        2014.8078677750245,
        1946.835164190096,
        2180.337969668976,
        2116.0996142915224,
        2103.851842458816,
        2066.669315784608,
        2053.4479807702405,
        2049.509980774591
      ]
    },
    "r=5": {
      "LinTS": [
        1977.4519582894936,
        1874.661137508401,
        1893.8754682187405,
        1859.1330221555697,
        2071.5236221927344,
        2011.3184466531984,
        1965.693745150041,
        1980.051371733594,
        1931.572742339284,
        1927.4544093371585
      ],
      "SW-LinTS": [
        2106.4814339016366,
        1960.8726277301982,
        2014.8078677750245,
        1946.835164190096,
        2180.337969668976,
        2116.0996142915224,
        2103.851842458816,
        2066.669315784608,
        2053.4479807702405,
        2049.509980774591
      ]
    },
    "r=10": {
      "LinTS": [
        1977.4519582894936,
        1874.661137508401,
        1893.8754682187405,
        1859.1330221555697,
        2071.5236221927344,
        2011.3184466531984,
        1965.693745150041,
        1980.051371733594,
        1931.572742339284,
        1927.4544093371585
      ],
      "SW-LinTS": [
        2106.4814339016366,
        1960.8726277301982,
        2014.8078677750245,
        1946.835164190096,
        2180.337969668976,
        2116.0996142915224,
        2103.851842458816,
        2066.669315784608,
        2053.4479807702405,
        2049.509980774591
      ]
    }
  }
}