{
  "config": {
    "N_SEEDS": 10,
    "SEG_SIZE": 500,
    "N_SEGMENTS": 10,
    "WINDOW": 400,
    "LAM": 0.01,
    "DELTA": 0.05,
    "D_VALUES": [
      5,
      55,
      105
    ],
    "R_VALUES": [
      1,
      10,
      20,
      30
    ]
  },
  "results": {
    "d=5,r=1": {
      "LinTS": [
        2369.4020292880646,
        2315.6993278490145,
        2372.401447310033,
        2389.141593594939,
        2418.6978970317923,
        2375.191119743598,
        2460.1872073437,
        2455.408178646485,
        2360.607658125958,
        2448.455462850448
      ],
      "SW-LinTS": [
        1705.4293369102863,
        1651.3420748524304,
        1752.7316776837354,
        1619.0498323693898,
        1761.7690731694327,
        1658.6649883249536,
        1694.6823404126783,
        1612.9058063262594,
        1658.692812711132,
        1638.4905701443122
      ]
    },
    "d=5,r=10": null,
    "d=5,r=20": null,
    "d=5,r=30": null,
    "d=55,r=1": {
      "LinTS": [
        3365.2017914505172,
        3324.295619452194,
        3435.6996317275452,
        3416.928943484715,
        3423.8280518381725,
        3387.2576535406747,
        3454.105928680842,
        3390.6503416777036,
        3420.895828065795,
        3415.2460483427694
      ],
      "SW-LinTS": [
        3776.764327874419,
        3768.8339570987832,
        3802.3902834353808,
        3715.2219220839334,
        3818.7445079882036,
        3784.5931548184635,
        3752.019648725299,
        3765.90779320657,
        3805.8065598117114,
        3819.4635470177714
      ]
    },
    "d=55,r=10": {
      "LinTS": [
        3365.2017914505172,
        3324.295619452194,
        3435.6996317275452,
        3416.928943484715,
        3423.8280518381725,
        3387.2576535406747,
        3454.105928680842,
        3390.6503416777036,
        3420.895828065795,
        3415.2460483427694
      ],
      "SW-LinTS": [
        3776.764327874419,
        3768.8339570987832,
        3802.3902834353808,
        3715.2219220839334,
        3818.7445079882036,
        3784.5931548184635,
        3752.019648725299,
        3765.90779320657,
        3805.8065598117114,
        3819.4635470177714
      ]
    },
    "d=55,r=20": {
      "LinTS": [
        3365.2017914505172,
        3324.295619452194,
        3435.6996317275452,
        3416.928943484715,
        3423.8280518381725,
        3387.2576535406747,
        3454.105928680842,
        3390.6503416777036,
        3420.895828065795,
        3415.2460483427694
      ],
      "SW-LinTS": [
        3776.764327874419,
        3768.8339570987832,
        3802.3902834353808,
        3715.2219220839334,
        3818.7445079882036,
        3784.5931548184635,
        3752.019648725299,
        3765.90779320657,
        3805.8065598117114,
        3819.4635470177714
      ]
    },
    "d=55,r=30": {
      "LinTS": [
        3365.2017914505172,
        3324.295619452194,
        3435.6996317275452,
        3416.928943484715,
        3423.8280518381725,
        3387.2576535406747,
        3454.105928680842,
        3390.6503416777036,
        3420.895828065795,
        3415.2460483427694
      ],
      "SW-LinTS": [
        3776.764327874419,
        3768.8339570987832,
        3802.3902834353808,
        3715.2219220839334,
        3818.7445079882036,
        3784.5931548184635,
        3752.019648725299,
        3765.90779320657,
        3805.8065598117114,
        3819.4635470177714
      ]
    },
    "d=105,r=1": {
      "LinTS": [
        3632.0008722126604,
        3632.789777787675,
        3597.0021060660197,
        3548.8241860793732,
        3602.788906208308,
        3617.485208338288,
        3619.433529169517,
        3560.51157662113,
        3580.5547561679905,
        3612.5354407256245
      ],
      "SW-LinTS": [
        3923.8848515525087,
        3865.860642768455,
        3892.5103906868912,
        3874.7352491339734,
        3885.8376451784175,
        3866.5784223508904,
        3928.761907317567,
        3895.811714788773,
        3902.830332949092,
        3874.794078044288
      ]
    },
    "d=105,r=10": {
      "LinTS": [
        3632.0008722126604,
        3632.789777787675,
        3597.0021060660197,
        3548.8241860793732,
        3602.788906208308,
        3617.485208338288,
        3619.433529169517,
        3560.51157662113,
        3580.5547561679905,
        3612.5354407256245
      ],
      "SW-LinTS": [
        3923.8848515525087,
        3865.860642768455,
        3892.5103906868912,
        3874.7352491339734,
        3885.8376451784175,
        3866.5784223508904,
        3928.761907317567,
        3895.811714788773,
        3902.830332949092,
        3874.794078044288
      ]
    },
    "d=105,r=20": {
      "LinTS": [
        3632.0008722126604,
        3632.789777787675,
        3597.0021060660197,
        3548.8241860793732,
        3602.788906208308,
        3617.485208338288,
        3619.433529169517,
        3560.51157662113,
        3580.5547561679905,
        3612.5354407256245
      ],
      "SW-LinTS": [
        3923.8848515525087,
        3865.860642768455,
        3892.5103906868912,
        3874.7352491339734,
        3885.8376451784175,
        3866.5784223508904,
        3928.761907317567,
        3895.811714788773,
        3902.830332949092,
        3874.794078044288
      ]
    },
    "d=105,r=30": {
      "LinTS": [
        3632.0008722126604,
        3632.789777787675,
        3597.0021060660197,
        3548.8241860793732,
        3602.788906208308,
        3617.485208338288,
        3619.433529169517,
        3560.51157662113,
        3580.5547561679905,
        3612.5354407256245
      ],
      "SW-LinTS": [
        3923.8848515525087,
        3865.860642768455,
        3892.5103906868912,
        3874.7352491339734,
        3885.8376451784175,
        3866.5784223508904,
        3928.761907317567,
        3895.811714788773,
        3902.830332949092,
        3874.794078044288
      ]
    }
  }
}