{
  "config": {
    "N_SEEDS": 10,
    "K": 10,
    "T": 5000,
    "WINDOW": 400,
    "LAM": 0.01,
    "DELTA": 0.05,
    "D_VALUES": [
      5,
      55,
      105
    ],
    "R_VALUES": [
      1,
      10,
      20,
      30
    ]
  },
  "results": {
    "d=5,r=1": {
      "LinTS": [
        3796.7845203757815,
        3235.9365283546967,
        3633.202474509093,
        3933.6463983713793,
        3619.2375704044166,
        4675.028502197957,
        2673.5632203570326,
        3576.463540269233,
        3934.447770710411,
        3248.9117299675395
      ],
      "SW-LinTS": [
        3282.351348272353,
        2811.607612768526,
        2561.51820444165,
        3456.7620194055935,
        3123.6332905154886,
        3541.447153478974,
        2416.1814302662733,
        3055.215349360177,
        3000.464083330223,
        3393.7925891197833
      ]
    },
    "d=5,r=10": null,
    "d=5,r=20": null,
    "d=5,r=30": null,
    "d=55,r=1": {
      "LinTS": [
        1489.6512776521809,
        1455.17134442442,
        1533.30363639276,
        1472.7339956653113,
        1488.7987037912042,
        1621.6158173164981,
        1357.4284245593797,
        1458.0273778681524,
        1366.1052608190842,
        1372.5507977103446
      ],
      "SW-LinTS": [
        1439.3799771973493,
        1434.5344223174143,
        1562.9999567335308,
        1455.0758817258084,
        1459.3371744541544,
        1588.8156698635407,
        1330.7243489723978,
        1435.994898921733,
        1345.3453230046268,
        1373.5182767013814
      ]
    },
    "d=55,r=10": {
      "LinTS": [
        6083.219315421156,
        5389.024965920728,
        5471.9451962573585,
        5879.11813623761,
        5739.189856871469,
        5540.775810223476,
        5395.514820220636,
        5747.554456593985,
        5308.828058997362,
        5352.968525402446
      ],
      "SW-LinTS": [
        5978.417926624505,
        5308.555775878916,
        5330.104822522618,
        5747.363059883042,
        5501.963119171266,
        5485.015078657243,
        5317.75356690741,
        5666.680023545142,
        5294.057224892252,
        5226.883441981621
      ]
    },
    "d=55,r=20": {
      "LinTS": [
        7591.201226770827,
        7824.983750495914,
        7818.944452070352,
        7840.378630484039,
        7995.769321068424,
        7955.406236395495,
        7994.797899826413,
        7817.5736989266425,
        7764.815553898099,
        7641.798965598951
      ],
      "SW-LinTS": [
        7228.564739466754,
        7665.825198865212,
        7571.289664138118,
        7611.081353081573,
        7721.485161401709,
        7680.314634793901,
        7731.424149666214,
        7581.443721959312,
        7489.317694967869,
        7532.553379149999
      ]
    },
    "d=55,r=30": {
      "LinTS": [
        10055.723897115286,
        9390.632027497946,
        8954.906101580898,
        9620.326933636488,
        10088.311384187076,
        9404.577015783905,
        9585.228972731315,
        9888.755823639991,
        9387.77124291072,
        9770.102238028221
      ],
      "SW-LinTS": [
        9541.92896166448,
        9244.887981272217,
        8712.732036682297,
        9408.012300809685,
        9814.816828628347,
        9210.390878929747,
        9150.851384922336,
        9549.007491461958,
        9293.697089587373,
        9522.492791345523
      ]
    },
    "d=105,r=1": {
      "LinTS": [
        923.9743237008184,
        1341.9687061455986,
        1234.3391516283702,
        1088.3658335416317,
        1086.7495642909578,
        1083.160159147972,
        1130.6580764939451,
        1098.1763459080746,
        1113.252284706725,
        986.9869705822431
      ],
      "SW-LinTS": [
        924.1260044541593,
        1345.7532563008363,
        1205.816193210095,
        1073.6685403119382,
        1077.6401990539134,
        1121.018116269274,
        1139.6778458787776,
        1092.945773177578,
        1082.642620856697,
        972.1127720839447
      ]
    },
    "d=105,r=10": {
      "LinTS": [
        4407.945760179619,
        4310.862444390211,
        4034.224824872591,
        4249.913737772072,
        4358.057185813771,
        4173.580913561724,
        4028.402324394357,
        4186.845638476266,
        4077.853067938074,
        4152.813126954371
      ],
      "SW-LinTS": [
        4377.735966928064,
        4243.170325355711,
        4063.2158352707183,
        4181.617372981843,
        4332.732706991912,
        4096.198981545231,
        4041.591845683366,
        4170.153058858009,
        3999.5992732085233,
        4176.49600676668
      ]
    },
    "d=105,r=20": {
      "LinTS": [
        5680.744769314221,
        5703.861376175911,
        5980.540063267696,
        5802.753056525429,
        5931.087487076684,
        5619.176468610809,
        5919.853780756981,
        5831.199090261983,
        5746.42890489023,
        6043.692747971556
      ],
      "SW-LinTS": [
        5544.350924144665,
        5527.2512734817465,
        5862.784643886907,
        5847.234638280517,
        5893.77065067343,
        5592.123672525294,
        5855.35069395383,
        5719.936644888311,
        5692.76845734153,
        5802.9314671398115
      ]
    },
    "d=105,r=30": {
      "LinTS": [
        6990.982097129315,
        6944.252527989462,
        6985.494977997496,
        6892.798426635543,
        7397.479054201689,
        6961.13295044571,
        7107.183762058496,
        7255.863040822224,
        7146.506624971478,
        7166.57685868971
      ],
      "SW-LinTS": [
        6867.509205817699,
        6959.004786180422,
        6937.201180400155,
        6817.677172342819,
        7295.358816608745,
        6952.331705972914,
        7011.016594576077,
        7177.833907237257,
        7066.83651716932,
        7202.027465726388
      ]
    }
  }
}