{
  "config": {
    "N_SEEDS": 10,
    "SEG_SIZE": 500,
    "N_SEGMENTS": 10,
    "WINDOW": 400,
    "LAM": 0.01,
    "DELTA": 0.05,
    "D_VALUES": [
      5,
      55,
      105
    ],
    "R_VALUES": [
      1,
      10,
      20,
      30
    ]
  },
  "results": {
    "d=5,r=1": {
      "LinTS": [
        6775.861354433482,
        6611.745632991617,
        6674.303671752136,
        6788.6068192017665,
        6445.984724567788,
        6660.468734132552,
        6402.15640572811,
        6487.7989242214335,
        6770.092261685988,
        6670.535093941224
      ],
      "SW-LinTS": [
        4573.4890739236125,
        4435.624939962844,
        4668.626657742773,
        4731.683853144031,
        4472.500257088633,
        4793.910408273246,
        4806.962111031674,
        4592.0626316660555,
        4739.426693757063,
        4484.117543535798
      ]
    },
    "d=5,r=10": null,
    "d=5,r=20": null,
    "d=5,r=30": null,
    "d=55,r=1": {
      "LinTS": [
        4406.102644792214,
        4392.459084079479,
        4304.6250788549505,
        4425.041453438629,
        4339.079568941554,
        4340.053396739075,
        4342.926040911437,
        4342.274096603825,
        4285.881564355916,
        4249.5971520470885
      ],
      "SW-LinTS": [
        4671.167911469924,
        4644.905050547547,
        4667.843387195026,
        4590.778720259721,
        4652.490465349827,
        4656.649631522158,
        4645.667679891018,
        4611.0990380575895,
        4640.431511526733,
        4698.229880596942
      ]
    },
    "d=55,r=10": {
      "LinTS": [
        4406.102644792214,
        4392.459084079479,
        4304.6250788549505,
        4425.041453438629,
        4339.079568941554,
        4340.053396739075,
        4342.926040911437,
        4342.274096603825,
        4285.881564355916,
        4249.5971520470885
      ],
      "SW-LinTS": [
        4671.167911469924,
        4644.905050547547,
        4667.843387195026,
        4590.778720259721,
        4652.490465349827,
        4656.649631522158,
        4645.667679891018,
        4611.0990380575895,
        4640.431511526733,
        4698.229880596942
      ]
    },
    "d=55,r=20": {
      "LinTS": [
        4406.102644792214,
        4392.459084079479,
        4304.6250788549505,
        4425.041453438629,
        4339.079568941554,
        4340.053396739075,
        4342.926040911437,
        4342.274096603825,
        4285.881564355916,
        4249.5971520470885
      ],
      "SW-LinTS": [
        4671.167911469924,
        4644.905050547547,
        4667.843387195026,
        4590.778720259721,
        4652.490465349827,
        4656.649631522158,
        4645.667679891018,
        4611.0990380575895,
        4640.431511526733,
        4698.229880596942
      ]
    },
    "d=55,r=30": {
      "LinTS": [
        4406.102644792214,
        4392.459084079479,
        4304.6250788549505,
        4425.041453438629,
        4339.079568941554,
        4340.053396739075,
        4342.926040911437,
        4342.274096603825,
        4285.881564355916,
        4249.5971520470885
      ],
      "SW-LinTS": [
        4671.167911469924,
        4644.905050547547,
        4667.843387195026,
        4590.778720259721,
        4652.490465349827,
        4656.649631522158,
        4645.667679891018,
        4611.0990380575895,
        4640.431511526733,
        4698.229880596942
      ]
    },
    "d=105,r=1": {
      "LinTS": [
        3117.759850263554,
        3097.4969364383887,
        3151.2391895812434,
        3061.4345540418303,
        3095.9064191635243,
        3097.7267598212275,
        3131.8624338671816,
        3183.9232368819503,
        3130.5302788894764,
        3106.6261459676834
      ],
      "SW-LinTS": [
        3568.690209881837,
        3582.3208797911657,
        3555.5168162415916,
        3550.2738884440214,
        3554.770533129227,
        3551.0071795346325,
        3551.258354047654,
        3542.5081322094697,
        3538.2839622253027,
        3572.3111964782906
      ]
    },
    "d=105,r=10": {
      "LinTS": [
        3117.759850263554,
        3097.4969364383887,
        3151.2391895812434,
        3061.4345540418303,
        3095.9064191635243,
        3097.7267598212275,
        3131.8624338671816,
        3183.9232368819503,
        3130.5302788894764,
        3106.6261459676834
      ],
      "SW-LinTS": [
        3568.690209881837,
        3582.3208797911657,
        3555.5168162415916,
        3550.2738884440214,
        3554.770533129227,
        3551.0071795346325,
        3551.258354047654,
        3542.5081322094697,
        3538.2839622253027,
        3572.3111964782906
      ]
    },
    "d=105,r=20": {
      "LinTS": [
        3117.759850263554,
        3097.4969364383887,
        3151.2391895812434,
        3061.4345540418303,
        3095.9064191635243,
        3097.7267598212275,
        3131.8624338671816,
        3183.9232368819503,
        3130.5302788894764,
        3106.6261459676834
      ],
      "SW-LinTS": [
        3568.690209881837,
        3582.3208797911657,
        3555.5168162415916,
        3550.2738884440214,
        3554.770533129227,
        3551.0071795346325,
        3551.258354047654,
        3542.5081322094697,
        3538.2839622253027,
        3572.3111964782906
      ]
    },
    "d=105,r=30": {
      "LinTS": [
        3117.759850263554,
        3097.4969364383887,
        3151.2391895812434,
        3061.4345540418303,
        3095.9064191635243,
        3097.7267598212275,
        3131.8624338671816,
        3183.9232368819503,
        3130.5302788894764,
        3106.6261459676834
      ],
      "SW-LinTS": [
        3568.690209881837,
        3582.3208797911657,
        3555.5168162415916,
        3550.2738884440214,
        3554.770533129227,
        3551.0071795346325,
        3551.258354047654,
        3542.5081322094697,
        3538.2839622253027,
        3572.3111964782906
      ]
    }
  }
}