{
  "d=55,r=5": {
    "Oracle-LinUCB": [
      31.679668776716845,
      34.61454493489962,
      35.966669998976556,
      31.812101134748183,
      35.22041422944388,
      34.87683162073739,
      32.15828269484073,
      36.23548693793256,
      35.3708836377546,
      34.39442212328183
    ],
    "SPSC-Alg1": [
      78.93334911074416,
      79.93453801584072,
      74.85678250949576,
      79.26313401201254,
      93.42259763109803,
      79.18778348273584,
      90.77661615557334,
      95.5105814256525,
      78.49555343661125,
      80.02196391447688
    ],
    "SPSC-Adaptive": [
      94.85235662330238,
      118.00505356568647,
      86.39299338308041,
      78.82905838113142,
      87.43241957773542,
      91.14468279030592,
      82.02253770162729,
      84.85346216931384,
      106.943886337672,
      80.32308634607533
    ],
    "LowOFUL": [
      125.25401870173063,
      127.02256754604903,
      129.43636047886486,
      122.38837587561179,
      133.40920214878082,
      124.01628914361966,
      129.32174963455478,
      119.74171860213072,
      134.1348624804211,
      117.37218591466751
    ],
    "VOFUL": [
      126.57629417590296,
      126.36850209410424,
      129.8904454321416,
      117.1951813659298,
      120.40428253685273,
      127.07787442305668,
      126.491220911066,
      132.1269245221204,
      128.9214704078212,
      132.19000703707223
    ],
    "LowRank-Reward": [
      131.01909132150175,
      129.03776477872597,
      127.9502208447656,
      133.02956530991293,
      119.42389652799802,
      125.55389246581318,
      125.00145658262305,
      126.77543427358346,
      126.5909572146139,
      123.76713445550719
    ],
    "SW-LinUCB": [
      103.39586287605128,
      104.56453810925336,
      105.15639396259203,
      104.73999056015828,
      102.12552045213835,
      102.25238733359276,
      100.6324692900482,
      103.08830440171201,
      101.05364209265487,
      102.78619234467514
    ],
    "D-LinUCB": [
      103.7706028586784,
      108.36080598682041,
      106.27859775676181,
      107.2457642412732,
      105.14886935734401,
      106.08246906521194,
      106.314244745838,
      108.45670467779432,
      106.43692950804228,
      107.95221065726744
    ],
    "Restart-LinUCB": [
      101.38479338272215,
      103.22141539960823,
      103.73387873128466,
      101.75482988579799,
      100.66802623892383,
      102.61600042137995,
      104.62828260404665,
      100.04966633977195,
      98.45883166019651,
      102.70253401146965
    ],
    "LinUCB": [
      102.41899519736018,
      101.86865231693794,
      103.36667196785432,
      103.94341208640957,
      99.24475820939867,
      100.36509242769229,
      103.6021927013047,
      100.53298993544125,
      102.63010650993124,
      104.14443885891879
    ]
  },
  "d=55,r=10": {
    "Oracle-LinUCB": [
      63.28425548999268,
      63.382401396462306,
      61.222412292892365,
      66.99760849365448,
      64.58985210696926,
      66.60858835735544,
      65.24296106913722,
      67.52301334536229,
      69.11162760784538,
      63.88015914483302
    ],
    "SPSC-Alg1": [
      89.39019336370745,
      88.5597394660054,
      91.1892516915461,
      91.21525941626722,
      103.55690446618004,
      94.61412125527991,
      92.74544603445145,
      98.36952992065541,
      92.51321115774054,
      97.24584522962425
    ],
    "SPSC-Adaptive": [
      95.3217983787434,
      107.36306805941872,
      89.86538374990704,
      89.05770281822363,
      91.02567498516349,
      97.11425997932066,
      90.38833748248587,
      97.03746512205319,
      92.68424825200549,
      91.38482485325231
    ],
    "LowOFUL": [
      133.75169874730204,
      124.2256528896776,
      132.92243753906308,
      139.12255937197244,
      135.2682517978311,
      132.26403732958525,
      136.11071039098502,
      112.6858171765038,
      124.94408130139816,
      121.48731119294493
    ],
    "VOFUL": [
      132.97720646508145,
      126.50453328219693,
      133.19334267888482,
      117.15328116678018,
      131.84925949071015,
      132.99808820766052,
      129.19286372887206,
      136.40612070336,
      125.29707290752594,
      136.51676230124582
    ],
    "LowRank-Reward": [
      135.5235130318362,
      132.49583131615273,
      126.07513058624995,
      133.5969302066256,
      124.07450115775282,
      130.72312914485582,
      136.8983850778084,
      129.79305740148143,
      132.01028865276368,
      127.73295107061358
    ],
    "SW-LinUCB": [
      103.39586287605128,
      104.56453810925336,
      105.15639396259203,
      104.73999056015828,
      102.12552045213835,
      102.25238733359276,
      100.6324692900482,
      103.08830440171201,
      101.05364209265487,
      102.78619234467514
    ],
    "D-LinUCB": [
      103.7706028586784,
      108.36080598682041,
      106.27859775676181,
      107.2457642412732,
      105.14886935734401,
      106.08246906521194,
      106.314244745838,
      108.45670467779432,
      106.43692950804228,
      107.95221065726744
    ],
    "Restart-LinUCB": [
      101.38479338272215,
      103.22141539960823,
      103.73387873128466,
      101.75482988579799,
      100.66802623892383,
      102.61600042137995,
      104.62828260404665,
      100.04966633977195,
      98.45883166019651,
      102.70253401146965
    ],
    "LinUCB": [
      102.41899519736018,
      101.86865231693794,
      103.36667196785432,
      103.94341208640957,
      99.24475820939867,
      100.36509242769229,
      103.6021927013047,
      100.53298993544125,
      102.63010650993124,
      104.14443885891879
    ]
  },
  "d=105,r=5": {
    "Oracle-LinUCB": [
      28.10381428979229,
      30.473981508068455,
      30.657680249517515,
      27.157308488204812,
      31.12484177588583,
      30.71863337594632,
      26.908183438472662,
      31.263888407606082,
      30.209322072799566,
      30.404347547304475
    ],
    "SPSC-Alg1": [
      116.27519156557854,
      112.21076592093472,
      122.694363422279,
      135.652038557729,
      103.39749217075196,
      100.58354213186949,
      101.51687355411411,
      96.18714155573542,
      92.22296519736234,
      85.62203153725784
    ],
    "SPSC-Adaptive": [
      100.4988366102242,
      110.11519130190618,
      98.30367062259837,
      118.31303056911008,
      107.1729623412236,
      92.23176197940485,
      96.63490336767684,
      103.90363784861334,
      91.82167734173025,
      113.87314171708068
    ],
    "LowOFUL": [
      147.75357404587382,
      169.03711470895541,
      157.3769257971348,
      151.2315692291502,
      143.60026980305526,
      151.09405212702328,
      155.19939803088837,
      152.59326308512286,
      154.62700588037407,
      143.78678767798448
    ],
    "VOFUL": [
      148.39931257644452,
      160.05758965270687,
      157.5311887902755,
      141.0276476328854,
      145.00561088144613,
      148.54615904699574,
      152.3255990041944,
      151.72690139289043,
      143.09732832452065,
      153.32354370040545
    ],
    "LowRank-Reward": [
      155.0367267027361,
      149.65106770123163,
      157.6678729829438,
      156.7817187222332,
      145.36989891733268,
      148.51363763762578,
      152.41195770300814,
      142.64723070475827,
      146.70525683435469,
      154.36582063959554
    ],
    "SW-LinUCB": [
      105.2724468153751,
      112.78498911892582,
      104.42796504640583,
      114.05650012354987,
      104.23960170010926,
      107.5644411742615,
      105.14454408732242,
      108.4852500078185,
      107.0978706377458,
      104.51643888355693
    ],
    "D-LinUCB": [
      107.98910298814302,
      106.63162873295475,
      107.74561824453878,
      109.1112767401255,
      109.20243557888698,
      109.78492631167904,
      105.85238611529464,
      108.44868749086181,
      109.28799536514556,
      110.29507808580225
    ],