{
  "config": {
    "N_SEEDS": 10,
    "SEG_SIZE": 500,
    "N_SEGMENTS": 10,
    "WINDOW": 400,
    "LAM": 0.01,
    "DELTA": 0.05,
    "D_VALUES": [
      55,
      105,
      200
    ],
    "R_VALUES": [
      5,
      10,
      20
    ]
  },
  "results": {
    "d=55,r=5": {
      "LinTS": [
        5127.84682103128,
        5197.6109546584885,
        5151.841892195102,
        5171.581483808843,
        5239.738355093725,
        5219.380219577591,
        5206.900901414765,
        5206.348232362035,
        5126.714436421446,
        5179.407591413684
      ],
      "SW-LinTS": [
        5269.677996489595,
        5447.01986841904,
        5322.485217982016,
        5354.400812511255,
        5359.432981303563,
        5384.771466292544,
        5385.024184605619,
        5334.751731811246,
        5318.800409917362,
        5397.556566443143
      ]
    },
    "d=55,r=10": {
      "LinTS": [
        5127.84682103128,
        5197.6109546584885,
        5151.841892195102,
        5171.581483808843,
        5239.738355093725,
        5219.380219577591,
        5206.900901414765,
        5206.348232362035,
        5126.714436421446,
        5179.407591413684
      ],
      "SW-LinTS": [
        5269.677996489595,
        5447.01986841904,
        5322.485217982016,
        5354.400812511255,
        5359.432981303563,
        5384.771466292544,
        5385.024184605619,
        5334.751731811246,
        5318.800409917362,
        5397.556566443143
      ]
    },
    "d=55,r=20": {
      "LinTS": [
        5127.84682103128,
        5197.6109546584885,
        5151.841892195102,
        5171.581483808843,
        5239.738355093725,
        5219.380219577591,
        5206.900901414765,
        5206.348232362035,
        5126.714436421446,
        5179.407591413684
      ],
      "SW-LinTS": [
        5269.677996489595,
        5447.01986841904,
        5322.485217982016,
        5354.400812511255,
        5359.432981303563,
        5384.771466292544,
        5385.024184605619,
        5334.751731811246,
        5318.800409917362,
        5397.556566443143
      ]
    },
    "d=105,r=5": {
      "LinTS": [
        4415.78141667184,
        4337.14578082628,
        4342.952937694511,
        4391.407713254812,
        4355.836750364947,
        4379.488933941379,
        4404.374493392669,
        4394.353478536479,
        4341.495939800786,
        4392.252189071629
      ],
      "SW-LinTS": [
        4441.3278689472945,
        4448.710003610514,
        4497.33306022949,
        4544.931720832585,
        4509.768516866654,
        4457.409283674715,
        4478.894155984575,
        4526.730094752102,
        4513.066930932808,
        4537.068588051062
      ]
    },
    "d=105,r=10": {
      "LinTS": [
        4415.78141667184,
        4337.14578082628,
        4342.952937694511,
        4391.407713254812,
        4355.836750364947,
        4379.488933941379,
        4404.374493392669,
        4394.353478536479,
        4341.495939800786,
        4392.252189071629
      ],
      "SW-LinTS": [
        4441.3278689472945,
        4448.710003610514,
        4497.33306022949,
        4544.931720832585,
        4509.768516866654,
        4457.409283674715,
        4478.894155984575,
        4526.730094752102,
        4513.066930932808,
        4537.068588051062
      ]
    },
    "d=105,r=20": {
      "LinTS": [
        4415.78141667184,
        4337.14578082628,
        4342.952937694511,
        4391.407713254812,
        4355.836750364947,
        4379.488933941379,
        4404.374493392669,
        4394.353478536479,
        4341.495939800786,
        4392.252189071629
      ],
      "SW-LinTS": [
        4441.3278689472945,
        4448.710003610514,
        4497.33306022949,
        4544.931720832585,
        4509.768516866654,
        4457.409283674715,
        4478.894155984575,
        4526.730094752102,
        4513.066930932808,
        4537.068588051062
      ]
    },
    "d=200,r=5": {
      "LinTS": [
        4125.2939086670385,
        4133.961261320732,
        4098.4301735664,
        4083.6055958454353,
        4103.138775962392,
        4023.3751115650625,
        4127.775772236433,
        4148.766516643842,
        4105.447372772989,
        4057.194173692844
      ],
      "SW-LinTS": [
        4211.123620499178,
        4221.657711140333,
        4209.982447319177,
        4250.754775913722,
        4158.532219163094,
        4165.040743683937,
        4202.202209882084,
        4228.752910558615,
        4209.26004111424,
        4206.261073233356
      ]
    },
    "d=200,r=10": {
      "LinTS": [
        4125.2939086670385,
        4133.961261320732,
        4098.4301735664,
        4083.6055958454353,
        4103.138775962392,
        4023.3751115650625,
        4127.775772236433,
        4148.766516643842,
        4105.447372772989,
        4057.194173692844
      ],
      "SW-LinTS": [
        4211.123620499178,
        4221.657711140333,
        4209.982447319177,
        4250.754775913722,
        4158.532219163094,
        4165.040743683937,
        4202.202209882084,
        4228.752910558615,
        4209.26004111424,
        4206.261073233356
      ]
    },
    "d=200,r=20": {
      "LinTS": [
        4125.2939086670385,
        4133.961261320732,
        4098.4301735664,
        4083.6055958454353,
        4103.138775962392,
        4023.3751115650625,
        4127.775772236433,
        4148.766516643842,
        4105.447372772989,
        4057.194173692844
      ],
      "SW-LinTS": [
        4211.123620499178,
        4221.657711140333,
        4209.982447319177,
        4250.754775913722,
        4158.532219163094,
        4165.040743683937,
        4202.202209882084,
        4228.752910558615,
        4209.26004111424,
        4206.261073233356
      ]
    }
  }
}