{
  "config": {
    "N_SEEDS": 10,
    "T": 5000,
    "K": 10,
    "CELLS": [
      [
        55,
        5
      ],
      [
        55,
        10
      ],
      [
        105,
        5
      ],
      [
        105,
        10
      ],
      [
        105,
        20
      ],
      [
        200,
        5
      ],
      [
        200,
        10
      ],
      [
        200,
        20
      ]
    ],
    "SIGMA_EPS": 0.3,
    "SPEC_RAD": 0.99,
    "SIGMA_ETA": 0.04,
    "N_ACTIONS": 40,
    "PROBE_EVERY": 50,
    "PROBE_COST": 0.1,
    "WINDOW": 400,
    "LAM": 0.01,
    "DELTA": 0.05,
    "FEATURE_DECAY": 1.5,
    "METHODS": [
      "LowOFUL",
      "LowOFUL-shared",
      "VOFUL",
      "VOFUL-shared"
    ]
  },
  "results": {
    "d=55,r=5": {
      "LowOFUL": [
        350.14370595459206,
        435.27375162404246,
        431.0154539217541,
        363.2105137958676,
        342.74655723191347,
        318.26866579346006,
        432.6440075639452,
        430.4418287712629,
        355.37034103900885,
        344.4530989802583
      ],
      "LowOFUL-shared": [
        361.5863303115023,
        447.2124209568498,
        435.6440902533439,
        356.284010620273,
        323.7558173757213,
        313.918030379359,
        449.7309531083208,
        479.79129120257727,
        438.26647835741403,
        388.9691338363429
      ],
      "VOFUL": [
        341.016781566714,
        458.07391371800276,
        404.9080847832148,
        424.92356365224634,
        406.12221585531665,
        269.1461714830583,
        434.50859398135805,
        430.13354924737916,
        455.20250996236166,
        405.35082213504865
      ],
      "VOFUL-shared": [
        318.44524403723466,
        448.3267549709742,
        397.9548909823958,
        412.48731236018864,
        362.4778359239085,
        336.65569687351,
        434.68809658330736,
        441.60520645794526,
        418.9597140375495,
        390.4345242767506
      ]
    },
    "d=55,r=10": {
      "LowOFUL": [
        575.796317274304,
        644.5741126262474,
        590.2012405632461,
        666.1190186521525,
        564.3961724520666,
        627.5935771161172,
        528.4283544109808,
        667.1597987967593,
        756.5635258926278,
        648.0075913318536
      ],
      "LowOFUL-shared": [
        552.7284195322787,
        543.8925608276588,
        581.3547871369215,
        630.949418226681,
        536.6037954061387,
        568.7341549939091,
        465.7484252268026,
        627.2046019646274,
        688.9266701903049,
        568.1639961833025
      ],
      "VOFUL": [
        604.5743066202325,
        640.753315096725,
        634.5428850184011,
        679.7540802181828,
        603.5068766201883,
        568.4693845163994,
        494.13278963252384,
        651.8678975008385,
        720.1161716871248,
        625.8080096948264
      ],
      "VOFUL-shared": [
        548.1868626371365,
        605.9171405239792,
        569.4769505939913,
        620.8287201370412,
        545.0413955176073,
        574.2551593650328,
        486.3589243660767,
        598.8789896244896,
        685.1709725011796,
        577.4212909130944
      ]
    },
    "d=105,r=5": {
      "LowOFUL": [
        242.72216160205673,
        332.1505147947568,
        343.40273899614806,
        362.60438803776236,
        240.70726554940862,
        253.43278384459254,
        284.25223370657636,
        300.64694739645074,
        331.5853832523131,
        293.5595302876448
      ],
      "LowOFUL-shared": [
        244.0983179995871,
        299.0634661243189,
        340.322274095295,
        376.4140546236587,
        281.3458278607523,
        298.1628875473168,
        271.39961744561316,
        331.7370681815636,
        321.1408851481953,
        323.0686438659333
      ],
      "VOFUL": [
        246.49110659342344,
        286.7909697851878,
        281.13042828360943,
        362.72619915033664,
        239.3015812197464,
        296.9689048517951,
        275.8393628772843,
        332.3193121271111,
        333.23430061470776,
        318.7749005264851
      ],
      "VOFUL-shared": [
        256.0611535923951,
        310.4483911016171,
        377.4019837496053,
        329.038830569675,
        297.46123399887017,
        317.6915839842124,
        287.8387842796655,
        319.0922754022431,
        304.13754496670526,
        336.65730086629304
      ]
    },
    "d=105,r=10": {
      "LowOFUL": [
        500.1030035432394,
        423.4852019530094,
        358.8110087541874,
        427.2976499086572,
        475.0945694887154,
        433.3325750002739,
        594.1495007820803,
        562.5014105527282,
        427.32809933341355,
        441.95403037955015
      ],
      "LowOFUL-shared": [
        476.9578853997083,
        367.95554652081734,
        329.33494748782516,
        430.94319779711935,
        451.0531434288905,
        402.87608909448005,
        552.5946145454676,
        511.1732018033501,
        411.03011492623057,
        426.1168552066607
      ],
      "VOFUL": [
        481.10503031206235,
        396.7874670876536,
        344.241904209695,
        462.3198715831423,
        477.3270600436757,
        422.59013504415185,
        626.7797182017227,
        525.5206624177376,
        400.33894297821706,
        466.8071921921635
      ],
      "VOFUL-shared": [
        466.87425086231497,
        393.0876497504233,
        349.59532809044833,
        434.51213794223855,
        477.1751987738359,
        419.02935195907844,
        567.9660020372834,
        501.95380945353673,
        417.96138033099777,
        415.81103223409724
      ]
    },
    "d=105,r=20": {
      "LowOFUL": [
        692.1008180911684,
        634.692386762439,
        646.3204646498543,
        735.6675268654084,
        679.5588508143103,
        609.8576341130447,
        637.8289467158179,
        674.716848272969,
        764.656707360006,
        715.1569034909668
      ],
      "LowOFUL-shared": [
        699.9364406533127,
        625.1665416507458,
        610.8676338249226,
        680.9210506322006,
        644.4793822425881,
        618.6606118932139,
        619.962897338854,
        681.4223296787712,
        716.982414400259,
        666.2280113357524
      ],
      "VOFUL": [
        728.9180696128561,
        621.5082748672505,
        624.8986672428725,
        732.1137421226547,
        629.9169583941618,
        600.7455337689457,
        639.092189006636,
        696.4614816393845,
        790.2465259561451,
        678.1977667146195
      ],
      "VOFUL-shared": [
        694.6755979618048,
        603.5356124953393,
        626.7168872056175,
        710.160582491822,
        640.6189024783998,
        609.5316795381113,
        646.6092336576737,
        671.1555836967062,
        729.979237860363,
        683.1389001258241
      ]
    },
    "d=200,r=5": {
      "LowOFUL": [
        201.5710463499168,
        215.23039106332834,
        206.99414782549266,
        227.55275920402866,
        228.00616538026765,
        162.8041769482669,
        229.1123007401166,
        224.10386503254793,
        199.85815233416997,
        183.8032512543051
      ],
      "LowOFUL-shared": [
        225.14438065579714,
        256.08130791232435,
        223.58099036621772,
        276.7527248035378,
        252.64555040351394,
        231.75729179516958,
        250.46451112865225,
        243.48788660752584,
        252.3424520495302,
        206.05643578386437
      ],
      "VOFUL": [
        225.89658857696168,
        240.87150427768805,
        188.51533861135832,
        287.93063500872233,
        237.3717146947678,
        189.78387363111318,
        183.6097133964878,
        205.30665443303073,
        184.01385982852904,
        211.05164027003576
      ],