{
  "config": {
    "N_SEEDS": 10,
    "SEG_SIZE": 500,
    "N_SEGMENTS": 10,
    "WINDOW": 400,
    "LAM": 0.01,
    "DELTA": 0.05,
    "D_VALUES": [
      55,
      105,
      200
    ],
    "R_VALUES": [
      5,
      10,
      20
    ]
  },
  "results": {
    "d=55,r=5": {
      "LinTS": [
        6956.558463633051,
        6965.457196055894,
        6991.084295433636,
        7038.614495152254,
        6956.606866617672,
        6883.780745525258,
        6943.38727105845,
        6995.738132640151,
        6944.045674213328,
        6906.575527612958
      ],
      "SW-LinTS": [
        7397.618503370813,
        7228.986423619541,
        7440.791468947635,
        7400.769779622396,
        7361.341172986213,
        7448.612261706647,
        7315.726483646149,
        7314.05488445208,
        7342.386432414073,
        7365.7118306308685
      ]
    },
    "d=55,r=10": {
      "LinTS": [
        6956.558463633051,
        6965.457196055894,
        6991.084295433636,
        7038.614495152254,
        6956.606866617672,
        6883.780745525258,
        6943.38727105845,
        6995.738132640151,
        6944.045674213328,
        6906.575527612958
      ],
      "SW-LinTS": [
        7397.618503370813,
        7228.986423619541,
        7440.791468947635,
        7400.769779622396,
        7361.341172986213,
        7448.612261706647,
        7315.726483646149,
        7314.05488445208,
        7342.386432414073,
        7365.7118306308685
      ]
    },
    "d=55,r=20": {
      "LinTS": [
        6956.558463633051,
        6965.457196055894,
        6991.084295433636,
        7038.614495152254,
        6956.606866617672,
        6883.780745525258,
        6943.38727105845,
        6995.738132640151,
        6944.045674213328,
        6906.575527612958
      ],
      "SW-LinTS": [
        7397.618503370813,
        7228.986423619541,
        7440.791468947635,
        7400.769779622396,
        7361.341172986213,
        7448.612261706647,
        7315.726483646149,
        7314.05488445208,
        7342.386432414073,
        7365.7118306308685
      ]
    },
    "d=105,r=5": {
      "LinTS": [
        5859.600203018213,
        5904.295701452891,
        5836.326672783554,
        5900.127180047484,
        5876.8584403486075,
        5846.865168592382,
        5932.415995981388,
        5888.188889426016,
        6040.411664865025,
        5836.788688632317
      ],
      "SW-LinTS": [
        6214.302946766918,
        6200.836573140986,
        6176.784854525289,
        6231.641623653734,
        6168.942931591461,
        6202.802330343623,
        6241.00497709146,
        6266.599022432166,
        6278.682147613715,
        6238.366922270262
      ]
    },
    "d=105,r=10": {
      "LinTS": [
        5859.600203018213,
        5904.295701452891,
        5836.326672783554,
        5900.127180047484,
        5876.8584403486075,
        5846.865168592382,
        5932.415995981388,
        5888.188889426016,
        6040.411664865025,
        5836.788688632317
      ],
      "SW-LinTS": [
        6214.302946766918,
        6200.836573140986,
        6176.784854525289,
        6231.641623653734,
        6168.942931591461,
        6202.802330343623,
        6241.00497709146,
        6266.599022432166,
        6278.682147613715,
        6238.366922270262
      ]
    },
    "d=105,r=20": {
      "LinTS": [
        5859.600203018213,
        5904.295701452891,
        5836.326672783554,
        5900.127180047484,
        5876.8584403486075,
        5846.865168592382,
        5932.415995981388,
        5888.188889426016,
        6040.411664865025,
        5836.788688632317
      ],
      "SW-LinTS": [
        6214.302946766918,
        6200.836573140986,
        6176.784854525289,
        6231.641623653734,
        6168.942931591461,
        6202.802330343623,
        6241.00497709146,
        6266.599022432166,
        6278.682147613715,
        6238.366922270262
      ]
    },
    "d=200,r=5": {
      "LinTS": [
        5595.320256474855,
        5568.3508169005745,
        5531.222686579164,
        5552.811262803005,
        5619.270628031063,
        5553.179042626602,
        5610.772411069284,
        5577.901374089443,
        5511.439219227785,
        5556.429511001779
      ],
      "SW-LinTS": [
        5759.4594672798685,
        5778.556123227684,
        5746.478348016855,
        5798.078019285797,
        5765.669418452964,
        5784.8994750441025,
        5760.36338908169,
        5821.538754639069,
        5761.350916449149,
        5760.778402985163
      ]
    },
    "d=200,r=10": {
      "LinTS": [
        5595.320256474855,
        5568.3508169005745,
        5531.222686579164,
        5552.811262803005,
        5619.270628031063,
        5553.179042626602,
        5610.772411069284,
        5577.901374089443,
        5511.439219227785,
        5556.429511001779
      ],
      "SW-LinTS": [
        5759.4594672798685,
        5778.556123227684,
        5746.478348016855,
        5798.078019285797,
        5765.669418452964,
        5784.8994750441025,
        5760.36338908169,
        5821.538754639069,
        5761.350916449149,
        5760.778402985163
      ]
    },
    "d=200,r=20": {
      "LinTS": [
        5595.320256474855,
        5568.3508169005745,
        5531.222686579164,
        5552.811262803005,
        5619.270628031063,
        5553.179042626602,
        5610.772411069284,
        5577.901374089443,
        5511.439219227785,
        5556.429511001779
      ],
      "SW-LinTS": [
        5759.4594672798685,
        5778.556123227684,
        5746.478348016855,
        5798.078019285797,
        5765.669418452964,
        5784.8994750441025,
        5760.36338908169,
        5821.538754639069,
        5761.350916449149,
        5760.778402985163
      ]
    }
  }
}