{
  "sphere": [
    2108.8864720005795,
    2196.0344021258416,
    1668.8112392166245,
    2225.7049712685025,
    2291.1014435950356,
    2075.4852081005683,
    2144.51300452927,
    2280.379811711363,
    1802.7178943358138,
    1869.2511436591144
  ],
  "arm_uniform": [
    4407.756938342008,
    4312.190814388816,
    4177.4154241527385,
    4521.610571826937,
    4376.586426846054,
    4453.101552235344,
    4435.090177760755,
    4273.4324450040285,
    4507.325452064484,
    4321.156255967624
  ],
  "arm_leverage": [
    4150.673058605021,
    4474.540193120319,
    4379.057343718246,
    4275.777142032737,
    4481.248499484471,
    4343.165951337518,
    4336.903176090663,
    4597.608176672097,
    4380.913817441093,
    4305.1229653081045
  ],
  "linucb": [
    3179.0055390834686,
    3187.1955988748246,
    3153.6419248048346,
    3190.683102766923,
    3197.4893320179303,
    3188.8844492077374,
    3200.6482626093357,
    3203.514303058399,
    3165.6586030914696,
    3169.903517576285
  ]
}