{
  "config": {
    "T": 5000,
    "K": 10,
    "SIGMA_EPS": 0.3,
    "SPEC_RAD": 0.99,
    "SIGMA_ETA": 0.04,
    "N_ACTIONS": 40,
    "PROBE_EVERY": 50,
    "PROBE_COST": 0.1,
    "WINDOW": 400,
    "LAM": 0.01,
    "DELTA": 0.05,
    "FEATURE_DECAY": 1.5,
    "SWEEP1_N_SEEDS": 5,
    "D_SWEEP": [
      10,
      20,
      30,
      50,
      60,
      80,
      100
    ],
    "R_FIXED": 5,
    "SWEEP2_N_SEEDS": 10,
    "SWEEP2_K_REAL": 5,
    "SWEEP2_D": 60,
    "SWEEP2_R": 5,
    "K_ORACLE_SWEEP": [
      5,
      10,
      15,
      20,
      30,
      50
    ]
  },
  "results": {
    "sweep1_d": {
      "d=10": {
        "SPSC-Alg1": [
          448.7978570103562,
          585.2121461277169,
          460.0419889471,
          454.83637087823513,
          428.0866025899119
        ],
        "SPSC-Adaptive": [
          520.4168968594124,
          607.9967798263618,
          497.14903926588835,
          495.45422330243,
          553.3587609125601
        ],
        "LinUCB": [
          458.49093661166967,
          573.2310197465708,
          405.6802975387647,
          510.4911391119449,
          443.2452890402572
        ]
      },
      "d=20": {
        "SPSC-Alg1": [
          398.78250123172916,
          393.11423049188863,
          456.5761303770229,
          417.5421420245524,
          515.5223627607314
        ],
        "SPSC-Adaptive": [
          367.0846469119954,
          383.6299938835617,
          578.9296546665488,
          448.86644711496865,
          502.1969313091592
        ],
        "LinUCB": [
          469.8032076876406,
          508.6997423453959,
          619.3754603138165,
          586.3280168228627,
          704.3117319825324
        ]
      },
      "d=30": {
        "SPSC-Alg1": [
          374.8424235290435,
          350.1234131990743,
          324.7282770986623,
          377.7207441259666,
          369.4264497704392
        ],
        "SPSC-Adaptive": [
          411.97924902523937,
          416.9073865222377,
          368.4709991821229,
          459.0673185069168,
          468.17559740936235
        ],
        "LinUCB": [
          575.5223095801484,
          506.80624097856014,
          428.9767856227809,
          572.5815458603889,
          507.3306659527827
        ]
      },
      "d=50": {
        "SPSC-Alg1": [
          315.3936912300561,
          325.4729020037552,
          289.6729626334817,
          352.5278316212327,
          405.99744340264823
        ],
        "SPSC-Adaptive": [
          357.11161892504066,
          337.17770761984036,
          347.0619286284852,
          332.6019211623533,
          421.98088340050487
        ],
        "LinUCB": [
          464.0887606216623,
          468.69909098294295,
          391.47149330922895,
          463.1470076365908,
          593.6837944992573
        ]
      },
      "d=60": {
        "SPSC-Alg1": [
          333.7226339306721,
          295.7517549314791,
          329.6517700690409,
          327.88062700987166,
          321.8354533093846
        ],
        "SPSC-Adaptive": [
          340.23723517943597,
          315.58672495867313,
          325.5776351330398,
          299.3434034186591,
          356.55004467559877
        ],
        "LinUCB": [
          442.22017246526855,
          383.55767700003554,
          432.13779284501805,
          452.679999866216,
          429.16879957556347
        ]
      },
      "d=80": {
        "SPSC-Alg1": [
          258.6192721943405,
          317.2097672656565,
          283.4844997582887,
          305.1880201726424,
          273.7118783724877
        ],
        "SPSC-Adaptive": [
          264.2675475042383,
          290.631556148287,
          305.67439218674116,
          348.7382113856465,
          272.20496065795936
        ],
        "LinUCB": [
          350.1691166298165,
          439.3817437023857,
          330.2806851014796,
          438.02706838165574,
          344.84019949641265
        ]
      },
      "d=100": {
        "SPSC-Alg1": [
          254.8553061294386,
          323.7652510276798,
          273.9166932871735,
          227.63456236657538,
          247.6754093585484
        ],
        "SPSC-Adaptive": [
          271.5217704248412,
          333.13402279888476,
          265.373145420338,
          221.6405879483784,
          239.9901394118243
        ],
        "LinUCB": [
          344.3777883018922,
          439.7914945163722,
          324.54972852250853,
          279.52423217922234,
          308.22874512377655
        ]
      }
    },
    "sweep2_oracle_quality": {
      "K_oracle=5": {
        "SPSC-Alg1": [
          315.7700374595947,
          274.85536301677405,
          265.04021682725977,
          287.29472628921116,
          317.13033260711177,
          270.86970000531113,
          234.68070029042394,
          250.9995465206336,
          298.60064914351784,
          267.70177279520345
        ],
        "SPSC-Adaptive": [
          354.27848740165274,
          260.8323401213289,
          293.2474667348998,
          319.3401511958576,
          349.49114438621206,
          273.0032007375359,
          246.42725700207927,
          274.8325493205907,
          304.24276577820257,
          309.78839244354066
        ],
        "LinUCB": [
          437.3929914740854,
          389.42323653433414,
          338.786007323295,
          413.1927548909198,
          498.5512191362685,
          362.7241769385426,
          295.80621828620866,
          302.266307002495,
          435.55437939035875,
          399.3873583994544
        ]
      },
      "K_oracle=10": {
        "SPSC-Alg1": [
          362.00824444721945,
          313.1781557571363,
          266.0044286773487,
          332.32326064990707,
          358.413359312815,
          286.5175404140239,
          242.26600739340458,
          264.12617561787926,
          338.67695532038886,
          291.8522460862038
        ],
        "SPSC-Adaptive": [
          354.27848740165274,
          260.8323401213289,
          293.2474667348998,
          319.3401511958576,
          349.49114438621206,
          273.0032007375359,
          246.42725700207927,
          274.8325493205907,
          304.24276577820257,
          309.78839244354066
        ],
        "LinUCB": [
          437.3929914740854,
          389.42323653433414,
          338.786007323295,
          413.1927548909198,
          498.5512191362685,
          362.7241769385426,
          295.80621828620866,
          302.266307002495,
          435.55437939035875,
          399.3873583994544
        ]
      },
      "K_oracle=15": {
        "SPSC-Alg1": [
          369.51171446561733,
          308.6924880474052,
          297.36685107977263,
          345.04830074976496,
          398.77100177172787,
          317.8615161660365,
          264.3564306040075,
          266.1088497358441,
          344.0258617988717,
          320.5796076828703
        ],
        "SPSC-Adaptive": [
          354.27848740165274,
          260.8323401213289,
          293.2474667348998,
          319.3401511958576,
          349.49114438621206,
          273.0032007375359,
          246.42725700207927,
          274.8325493205907,
          304.24276577820257,
          309.78839244354066
        ],
        "LinUCB": [
          437.3929914740854,
          389.42323653433414,
          338.786007323295,
          413.1927548909198,
          498.5512191362685,
          362.7241769385426,
          295.80621828620866,
          302.266307002495,
          435.55437939035875,
          399.3873583994544
        ]
      },
      "K_oracle=20": {
        "SPSC-Alg1": [
          385.1917168104134,
          349.21494860579963,
          292.62466887287474,
          367.18507174149505,
          410.94066382267584,
          307.322170709828,
          258.56275624202254,
          273.82922536537825,
          369.68785062671583,
          314.36858346270304
        ],