{
  "config": {
    "N_SEEDS": 10,
    "D": 105,
    "R": 10,
    "SEGMENT_SIZE": 500,
    "N_SEGMENTS": 10,
    "WINDOW": 400,
    "LAM": 0.01,
    "DELTA": 0.05,
    "PROBE_EVERY": 50,
    "PROBE_COST": 0.1,
    "ACTION_SIZES": [
      20,
      40,
      80,
      160
    ],
    "METHODS": [
      "SPSC-Alg1",
      "SPSC-Adaptive",
      "LinUCB",
      "SW-LinUCB",
      "LowOFUL"
    ]
  },
  "results": {
    "20": {
      "SPSC-Alg1": [
        1266.110456134037,
        1444.0502661050848,
        1571.9425659529027,
        1580.2915024615602,
        1469.6474543509019,
        1390.1132449268503,
        1434.4420367478288,
        1393.3595989918147,
        1338.0927519022139,
        1433.2179797063066
      ],
      "SPSC-Adaptive": [
        1357.6857274162653,
        1237.4841580126592,
        1448.768590975479,
        1203.7082306083973,
        1263.4549215872466,
        1354.485488307327,
        1104.526420899597,
        1317.7851322674642,
        737.7078336586455,
        1003.3484282005403
      ],
      "LinUCB": [
        2627.679741908631,
        2677.6200394107846,
        2705.38792963344,
        2689.1932899023004,
        2641.203312448246,
        2680.7288488299937,
        2627.839873642682,
        2677.014638430617,
        2666.436830631462,
        2679.7366013674678
      ],
      "SW-LinUCB": [
        2724.5928858139127,
        2740.114190589462,
        2745.3088060573905,
        2717.062837356239,
        2697.384156837052,
        2715.4242142061967,
        2738.4013785493894,
        2780.629467500356,
        2719.763106718847,
        2764.290347963965
      ],
      "LowOFUL": [
        2244.110206204042,
        2015.572847296401,
        2236.6310898373968,
        2091.1149024549654,
        1920.6462329350352,
        2408.502494233694,
        2249.401704774052,
        2110.412226297512,
        2330.403649642926,
        2033.3192332305437
      ]
    },
    "40": {
      "SPSC-Alg1": [
        1559.1397629866224,
        1779.1741945458139,
        1506.224730354254,
        1759.2479987346553,
        1642.1051039584613,
        1862.1803906442542,
        1549.886754837819,
        1742.8473940156907,
        1822.9039662352159,
        1795.4836701465906
      ],
      "SPSC-Adaptive": [
        1592.4684520627868,
        1399.2133287381162,
        1662.3912875692793,
        1410.6809345622805,
        1629.6565737076212,
        1647.973658153128,
        1436.1464252412673,
        1471.3400391448524,
        1438.3092414586015,
        1364.0884191424318
      ],
      "LinUCB": [
        3459.4704092861507,
        3444.293456181371,
        3461.3457790736206,
        3486.8797012082305,
        3467.8978610519493,
        3461.8879790845253,
        3446.5178041908694,
        3435.8802885820946,
        3468.5022172231056,
        3463.8384596739584
      ],
      "SW-LinUCB": [
        3578.599324390176,
        3601.3295926517562,
        3595.837085164376,
        3581.5017566378697,
        3579.815866202403,
        3579.147245659371,
        3553.2803474943316,
        3585.356052075951,
        3542.5938831231097,
        3527.0680688360767
      ],
      "LowOFUL": [
        2558.118332997101,
        2306.9780762511095,
        1854.4080847386747,
        2337.171307929346,
        2139.884680159931,
        2785.3901877599124,
        2684.8576966470177,
        2338.527349886276,
        2135.574456444749,
        2360.4992287554005
      ]
    },
    "80": {
      "SPSC-Alg1": [
        2203.243881790897,
        2328.993385324001,
        2087.392390093891,
        2354.00665946288,
        2194.7032728911786,
        2366.69886470006,
        2156.8199386230376,
        2340.8138638725823,
        2283.1208700822335,
        2453.2964443002593
      ],
      "SPSC-Adaptive": [
        1725.8653493944548,
        2303.5005988456014,
        1940.052474824512,
        1887.677755373058,
        1700.5690982481794,
        1605.427182784434,
        1464.7625660605727,
        1316.6011295434812,
        1656.368228020791,
        1964.0216428546512
      ],
      "LinUCB": [
        4288.967533933842,
        4316.490841238599,
        4331.9335484498515,
        4304.971319858617,
        4329.773760985024,
        4286.74218983373,
        4307.505538634047,
        4316.399952307351,
        4301.016286491148,
        4370.0984125576615
      ],
      "SW-LinUCB": [
        4415.062832733559,
        4388.025742547322,
        4427.17852190397,
        4411.223900960595,
        4375.492871247719,
        4394.800268511566,
        4432.344335419704,
        4380.868493614688,
        4408.023446647678,
        4366.8428337297555
      ],
      "LowOFUL": [
        3117.4891055271155,
        2513.8254093390315,
        1882.719099693219,
        2712.60599973623,
        2138.2850314129973,
        2544.3670842658335,
        2760.1605713329477,
        2815.938912518135,
        2975.8400380490543,
        2241.548337562738
      ]
    },
    "160": {
      "SPSC-Alg1": [
        2621.9836150200877,
        2901.621478018041,
        2727.159298471637,
        2842.221957516668,
        2624.803613687382,
        2882.6674936217364,
        2777.700261695165,
        2758.6330749171584,
        2961.5100301984626,
        2600.6459082111855
      ],
      "SPSC-Adaptive": [
        1503.6433314770052,
        1714.462349374057,
        1968.1509129784417,
        1661.3625366339313,
        2910.0206630075804,
        2135.0891966415816,
        1644.93100013014,
        2259.2018430145067,
        1892.4268651422308,
        2379.325451303601
      ],
      "LinUCB": [
        5103.592881749103,
        5100.136840763513,
        5084.926033076243,
        5086.270775534908,
        5112.788904204149,
        5127.105686596993,
        5114.3449215770615,
        5100.6504480431595,
        5078.163535829452,
        5109.846293136073
      ],
      "SW-LinUCB": [
        5204.004776201229,
        5193.141412147119,
        5183.69010721717,
        5238.80407003682,
        5213.098391027593,
        5220.601274482971,
        5219.430204949654,
        5206.504069842293,
        5216.2529721000865,
        5193.641050180723
      ],
      "LowOFUL": [
        2461.838886751125,
        3224.069382601673,
        2863.581507950517,
        3082.1963472033976,
        2405.11081812101,
        2848.3710555355583,
        2874.6729974734517,
        3278.227134467746,
        3576.3454304904903,
        2492.5336834156333
      ]
    }
  }
}