{
  "config": {
    "T": 5000,
    "K_REAL": 5,
    "D": 60,
    "R": 5,
    "SIGMA_EPS": 0.3,
    "SPEC_RAD": 0.99,
    "SIGMA_ETA": 0.04,
    "N_ACTIONS": 40,
    "PROBE_EVERY": 50,
    "PROBE_COST": 0.1,
    "WINDOW": 400,
    "LAM": 0.01,
    "DELTA": 0.05,
    "FEATURE_DECAY": 1.5,
    "N_SEEDS": 20,
    "K_ORACLE_SWEEP": [
      5,
      10,
      20,
      40,
      80,
      150,
      200
    ]
  },
  "results": {
    "K_oracle=5": {
      "SPSC-Alg1": [
        299.7335871825663,
        260.8647977862127,
        267.41266410143,
        297.85297692762396,
        312.3622007237775,
        293.9442564578474,
        238.62243415300424,
        245.18682736832938,
        286.94256467154446,
        252.42485027696628,
        306.86421894341106,
        346.7740752855582,
        278.1666213509761,
        303.11895554690847,
        288.7468410308137,
        278.8163918157832,
        272.52145111935766,
        304.9475251632328,
        335.76823183413046,
        327.1234287292347
      ],
      "SPSC-Adaptive": [
        354.2784874016526,
        260.8323401213289,
        293.2474667348998,
        319.3401511958575,
        349.49114438621217,
        273.00320073753596,
        246.42725700207933,
        274.8325493205907,
        304.24276577820257,
        309.7883924435407,
        349.07127195765725,
        393.23375149947134,
        297.8249368094446,
        389.3410999036665,
        264.7068333576929,
        265.1424495452471,
        300.20918703875185,
        334.15371596633565,
        341.76627986494907,
        354.56607005924644
      ],
      "LinUCB": [
        437.90960661062445,
        388.9169160270439,
        338.050576579554,
        413.1927548909196,
        500.79994949172266,
        362.245295442346,
        295.80621828620866,
        302.26630700249507,
        437.05432666146316,
        399.3928120662044,
        401.9957640366076,
        554.0459106835946,
        375.69619347217684,
        503.34962839243934,
        353.8674221879351,
        344.7887649473948,
        404.72239342122424,
        423.7541719373815,
        470.6532387260309,
        485.01998193773136
      ]
    },
    "K_oracle=10": {
      "SPSC-Alg1": [
        354.5895365470291,
        311.9247958255956,
        275.91404965881514,
        328.3072072884351,
        363.475473830472,
        304.96137281219404,
        258.233889635839,
        264.10961963913667,
        315.67057714093283,
        275.21937691854197,
        342.6733701678767,
        372.4637403902117,
        291.97669637262567,
        334.9052024509993,
        299.4576873954511,
        285.3563427319627,
        281.9436339888948,
        317.00859351010604,
        354.1576466977323,
        354.29016719899346
      ],
      "SPSC-Adaptive": [
        354.2784874016526,
        260.8323401213289,
        293.2474667348998,
        319.3401511958575,
        349.49114438621217,
        273.00320073753596,
        246.42725700207933,
        274.8325493205907,
        304.24276577820257,
        309.7883924435407,
        349.07127195765725,
        393.23375149947134,
        297.8249368094446,
        389.3410999036665,
        264.7068333576929,
        265.1424495452471,
        300.20918703875185,
        334.15371596633565,
        341.76627986494907,
        354.56607005924644
      ],
      "LinUCB": [
        437.90960661062445,
        388.9169160270439,
        338.050576579554,
        413.1927548909196,
        500.79994949172266,
        362.245295442346,
        295.80621828620866,
        302.26630700249507,
        437.05432666146316,
        399.3928120662044,
        401.9957640366076,
        554.0459106835946,
        375.69619347217684,
        503.34962839243934,
        353.8674221879351,
        344.7887649473948,
        404.72239342122424,
        423.7541719373815,
        470.6532387260309,
        485.01998193773136
      ]
    },
    "K_oracle=20": {
      "SPSC-Alg1": [
        399.67172891151347,
        337.0577762108783,
        309.99739188807257,
        368.3052895096058,
        418.65255025528336,
        318.30610663604904,
        281.2896230881311,
        286.022418213364,
        363.36406939759524,
        311.00769531288324,
        356.89647088069984,
        426.098632966308,
        314.0576912431623,
        394.44165075460137,
        318.61360974224743,
        309.7151806471509,
        303.8284035679411,
        336.5929054129862,
        403.8033129844132,
        402.1137958024879
      ],
      "SPSC-Adaptive": [
        354.2784874016526,
        260.8323401213289,
        293.2474667348998,
        319.3401511958575,
        349.49114438621217,
        273.00320073753596,
        246.42725700207933,
        274.8325493205907,
        304.24276577820257,
        309.7883924435407,
        349.07127195765725,
        393.23375149947134,
        297.8249368094446,
        389.3410999036665,
        264.7068333576929,
        265.1424495452471,
        300.20918703875185,
        334.15371596633565,
        341.76627986494907,
        354.56607005924644
      ],
      "LinUCB": [
        437.90960661062445,
        388.9169160270439,
        338.050576579554,
        413.1927548909196,
        500.79994949172266,
        362.245295442346,
        295.80621828620866,
        302.26630700249507,
        437.05432666146316,
        399.3928120662044,
        401.9957640366076,
        554.0459106835946,
        375.69619347217684,
        503.34962839243934,
        353.8674221879351,
        344.7887649473948,
        404.72239342122424,
        423.7541719373815,
        470.6532387260309,
        485.01998193773136
      ]
    },
    "K_oracle=40": {
      "SPSC-Alg1": [
        410.3528418592092,
        361.9921258354672,
        328.71312352730246,
        392.8265400932003,
        468.03946354246915,
        333.8225062641195,
        306.4441497866322,
        302.06246394215754,
        378.19936559883473,
        351.5875767129039,
        376.1581529418158,
        493.15096381799805,
        334.19285505827014,
        438.6982940181859,
        342.34930060322955,
        322.4987796774818,
        375.10168358773626,
        385.0620837989588,
        431.6253565403471,
        431.25510563652
      ],
      "SPSC-Adaptive": [
        354.2784874016526,
        260.8323401213289,
        293.2474667348998,
        319.3401511958575,
        349.49114438621217,
        273.00320073753596,
        246.42725700207933,
        274.8325493205907,
        304.24276577820257,
        309.7883924435407,
        349.07127195765725,
        393.23375149947134,
        297.8249368094446,
        389.3410999036665,
        264.7068333576929,
        265.1424495452471,
        300.20918703875185,
        334.15371596633565,
        341.76627986494907,
        354.56607005924644
      ],
      "LinUCB": [
        437.90960661062445,
        388.9169160270439,
        338.050576579554,
        413.1927548909196,
        500.79994949172266,
        362.245295442346,
        295.80621828620866,
        302.26630700249507,
        437.05432666146316,
        399.3928120662044,
        401.9957640366076,
        554.0459106835946,
        375.69619347217684,
        503.34962839243934,
        353.8674221879351,
        344.7887649473948,
        404.72239342122424,
        423.7541719373815,
        470.6532387260309,
        485.01998193773136
      ]
    },