{
  "config": {
    "N_SEEDS": 10,
    "T": 5000,
    "K": 10,
    "CELLS": [
      [
        55,
        5
      ],
      [
        55,
        10
      ],
      [
        105,
        5
      ],
      [
        105,
        10
      ],
      [
        105,
        20
      ],
      [
        200,
        5
      ],
      [
        200,
        10
      ],
      [
        200,
        20
      ]
    ],
    "SIGMA_EPS": 0.3,
    "SPEC_RAD": 0.99,
    "SIGMA_ETA": 0.04,
    "N_ACTIONS": 40,
    "PROBE_EVERY": 50,
    "PROBE_COST": 0.1,
    "WINDOW": 400,
    "LAM": 0.01,
    "DELTA": 0.05,
    "FEATURE_DECAY": 1.5,
    "METHODS": [
      "SPSC-Alg1",
      "SPSC-Adaptive",
      "BOSS-adapted",
      "Jedra-adapted"
    ]
  },
  "results": {
    "d=55,r=5": {
      "SPSC-Alg1": [
        279.2886753882029,
        334.50309524999614,
        323.17279186957427,
        315.7249450527757,
        306.0779331208384,
        265.74897984178995,
        375.96231549428904,
        350.6195372207391,
        346.6447366942726,
        330.8839533488285
      ],
      "SPSC-Adaptive": [
        336.4805407841218,
        379.8706161337845,
        396.4434527771345,
        312.67648500800726,
        276.2331955624699,
        256.15325345840864,
        373.6634894566021,
        370.8796526098229,
        348.2811489071858,
        364.87279657346556
      ],
      "BOSS-adapted": [
        374.35525974340686,
        478.094649577276,
        433.13382442349376,
        399.60101663613676,
        343.64004770247334,
        328.8998027738452,
        428.828566869343,
        466.79636704273196,
        343.7716587504421,
        393.54379690413305
      ],
      "Jedra-adapted": [
        377.19037122005415,
        412.2011758509774,
        389.5486800928205,
        416.68267263886514,
        318.68509066282826,
        299.02646919488257,
        401.7622226044241,
        496.56135369799523,
        342.52272365469264,
        408.87676760487466
      ]
    },
    "d=55,r=10": {
      "SPSC-Alg1": [
        437.03663927384457,
        471.68834261788777,
        475.6141149396549,
        499.3459375523926,
        451.3324039389944,
        489.32362838171207,
        409.55401492337126,
        504.11168194649673,
        514.3153371499329,
        462.57137398989744
      ],
      "SPSC-Adaptive": [
        451.74568192495127,
        531.7261211392198,
        536.911558813694,
        533.3079124671818,
        504.8745275446192,
        480.35280122174703,
        426.4649136767397,
        509.7747009684438,
        549.7446362853649,
        545.5047533015
      ],
      "BOSS-adapted": [
        515.9526749632612,
        608.8198434139613,
        588.4017127073257,
        651.2873097205871,
        477.7540096857017,
        604.8447126372738,
        470.54242784052263,
        631.7369835462641,
        752.9306020490227,
        578.1964529814288
      ],
      "Jedra-adapted": [
        571.5990507799303,
        597.8034656968753,
        583.4536139212421,
        666.9860603087503,
        507.52713754440396,
        632.7942268038937,
        501.8179284069582,
        590.7367975669015,
        770.2002281187526,
        593.3774111621918
      ]
    },
    "d=105,r=5": {
      "SPSC-Alg1": [
        232.85482060954033,
        246.59085570029578,
        280.62382893255483,
        304.1498872992616,
        240.06940256957333,
        252.73888600516054,
        236.38188245489394,
        308.02989439532325,
        278.37128367358633,
        257.35241167193357
      ],
      "SPSC-Adaptive": [
        217.97436262320818,
        258.8871493032215,
        312.54069723378456,
        315.13641604698364,
        231.25950726625373,
        274.24188854766936,
        274.65969249852844,
        271.0448376830825,
        291.6239615530199,
        292.0302709559383
      ],
      "BOSS-adapted": [
        232.204344094944,
        318.50424553076357,
        328.54036792635725,
        391.5489758087405,
        248.64849144520346,
        282.21462272503874,
        277.8933927459077,
        286.7915556017145,
        329.4990927371527,
        300.29130244122484
      ],
      "Jedra-adapted": [
        254.8509709020795,
        311.8243096214726,
        355.70237718427404,
        368.2240433970949,
        243.9597902721021,
        275.1241682773184,
        281.7222785118169,
        304.14569310009176,
        320.26490764374535,
        272.9141427960167
      ]
    },
    "d=105,r=10": {
      "SPSC-Alg1": [
        411.9996403036314,
        312.9899855133517,
        300.4549737733112,
        363.04343328374745,
        407.35127030275913,
        351.1332958578623,
        456.8996499385259,
        418.6885521008485,
        366.9186069832357,
        375.8227609754671
      ],
      "SPSC-Adaptive": [
        422.65525127862355,
        352.8065810343908,
        320.692657686982,
        392.72941104213135,
        439.1330666316932,
        393.28112453573954,
        467.80937356213906,
        448.75020029863,
        394.3593216926218,
        382.73705837454355
      ],
      "BOSS-adapted": [
        429.70049387162913,
        387.9760104676251,
        331.33665314795314,
        453.25410056934646,
        448.1557997432847,
        432.01052659928877,
        553.938929741549,
        397.9531409332059,
        392.2922293747165,
        403.782676641064
      ],
      "Jedra-adapted": [
        448.2815910478385,
        382.71422281574246,
        353.33100837678114,
        444.63806897729853,
        467.0404608301358,
        452.9393479846452,
        496.7717779828607,
        438.701111669037,
        390.89059030782835,
        416.28310117150755
      ]
    },
    "d=105,r=20": {
      "SPSC-Alg1": [
        604.9090497316221,
        550.5287439751436,
        525.0560347146342,
        607.6958688935692,
        552.122251966475,
        554.0384639127614,
        551.327335644393,
        577.0791499535383,
        656.2732833696131,
        600.340857414927
      ],
      "SPSC-Adaptive": [
        665.6790478268075,
        596.2408629160088,
        551.8501188210646,
        629.7507211428906,
        576.8917374643353,
        554.5719361532256,
        578.1894999713222,
        619.643801687118,
        673.5425206919623,
        633.3373226142821
      ],
      "BOSS-adapted": [
        690.1643084703527,
        616.7446671917305,
        598.970761225067,
        660.516930343964,
        664.1847482338699,
        620.5325715873,
        613.8531871575,
        623.6744091926016,
        780.2976793125098,
        668.9613176301491
      ],
      "Jedra-adapted": [
        700.3951941793271,
        608.7596357687128,
        629.0322469728377,
        667.6607982659812,
        610.9061617489515,
        622.0912178411324,
        628.2724164589403,
        650.0854410571297,
        742.0085633593632,
        680.0990094743133
      ]
    },
    "d=200,r=5": {
      "SPSC-Alg1": [
        211.60870478644898,
        221.9764984118118,
        201.02988004228104,
        215.6605858525653,
        218.45370297255099,
        201.30067072602677,
        203.1306548617177,
        201.26031699275686,
        228.2051814258804,
        177.83525251525833
      ],
      "SPSC-Adaptive": [
        221.94313538215937,
        242.3587272016988,
        206.27545436724176,
        239.68965554944137,
        223.91314875857051,
        207.36178901462276,
        203.91717533233873,
        216.0417944863303,
        232.01457017096922,
        184.03714525359203
      ],
      "BOSS-adapted": [
        221.35129201129396,
        272.08941974841986,
        232.74079800715555,
        232.0060962128992,
        263.97157666290497,
        185.27467001034785,
        236.6740562772748,
        234.5584172917131,
        270.1591439273907,
        210.64471042346656
      ],