{
  "config": {
    "N_SEEDS": 10,
    "D": 105,
    "R": 10,
    "N_ACTIONS": 40,
    "SEGMENT_SIZE": 500,
    "N_SEGMENTS": 10,
    "WINDOW": 400,
    "LAM": 0.01,
    "DELTA": 0.05,
    "PROBE_EVERY": 50,
    "PROBE_COST": 0.1,
    "METHODS": [
      "SPSC-Alg1",
      "SPSC-Adaptive",
      "LinUCB",
      "SW-LinUCB",
      "LowOFUL"
    ],
    "RULES": [
      "sorted_by_label",
      "paired_classes",
      "random_class_mix"
    ]
  },
  "results": {
    "sorted_by_label": {
      "SPSC-Alg1": [
        2260.6782619062387,
        2247.3003651177114,
        2307.836078543207,
        2262.5428624507667,
        2372.749445050155,
        2293.0592455159444,
        2544.503298604782,
        2259.485640081625,
        2297.625685108558,
        2404.116538606772
      ],
      "SPSC-Adaptive": [
        2096.3969205809144,
        1500.9771871430557,
        2242.1909444559124,
        2047.9274998239741,
        2254.1732734786933,
        1579.6876192899074,
        1163.5024257053792,
        1693.3040762508003,
        1962.428598574688,
        1772.7508419868805
      ],
      "LinUCB": [
        3182.349508515446,
        3220.0683601009237,
        3174.9644587243283,
        3239.0417703099365,
        3160.857183661878,
        3190.6357808391595,
        3188.6800396493327,
        3153.9216443392243,
        3166.3835514477137,
        3168.0787249214345
      ],
      "SW-LinUCB": [
        3304.6141394837996,
        3295.4238821434637,
        3288.2553939056284,
        3275.610786474236,
        3256.536959955445,
        3312.3249515211405,
        3263.156078359463,
        3309.5254878239302,
        3305.9425062836453,
        3284.9376460722365
      ],
      "LowOFUL": [
        2781.3617164112934,
        3053.78314927658,
        2961.7658317053574,
        2603.2822007458026,
        2574.4005691104676,
        3293.687593513603,
        3082.178187374467,
        3091.264640742315,
        2862.404548916042,
        3105.2084889475395
      ]
    },
    "paired_classes": {
      "SPSC-Alg1": [
        3129.0086764558237,
        2738.3691863040012,
        3186.002458286348,
        2861.637698441671,
        3245.951556135956,
        2897.7177702096365,
        3002.887405775366,
        3089.2669726968224,
        2994.5261884586057,
        3370.6186819846534
      ],
      "SPSC-Adaptive": [
        2466.5746660870213,
        2766.0101080257064,
        3181.361693005959,
        2950.6143706185153,
        3064.9197260957526,
        2898.6683692934844,
        1917.629315235186,
        2276.850758555073,
        3380.9444762412954,
        2867.4950849324514
      ],
      "LinUCB": [
        3919.210661270176,
        3966.159747368506,
        4099.85336762395,
        4034.2634386496748,
        3980.588597214758,
        4120.760928768305,
        3974.5420940968515,
        4015.5546556127797,
        3893.1284809125714,
        4167.712585740678
      ],
      "SW-LinUCB": [
        4062.981012385191,
        4178.988830645815,
        4299.0658916823995,
        4211.118028674565,
        4151.446533487155,
        4223.394527457402,
        4162.885125210812,
        4155.835892407402,
        4072.796454921189,
        4276.005332768882
      ],
      "LowOFUL": [
        3461.662072827331,
        3668.6439924137544,
        4317.078564534184,
        4297.207962090567,
        3042.4029324044336,
        3034.9054117313976,
        3671.772778152642,
        3804.321379734663,
        3653.2284954661304,
        4176.821184703545
      ]
    },
    "random_class_mix": {
      "SPSC-Alg1": [
        6463.535178018237,
        7268.606741289508,
        7043.422534577432,
        5975.278923588819,
        6792.939913363014,
        7741.925349248286,
        6996.5582495183435,
        6770.606169928007,
        7614.1062645336815,
        6779.4012622903865
      ],
      "SPSC-Adaptive": [
        4657.302434630195,
        5713.666525689148,
        5205.961607193815,
        5949.44829456843,
        5414.754924743707,
        5956.195199557239,
        5842.848845480966,
        4425.033422815309,
        5740.99315082777,
        6787.127306585329
      ],
      "LinUCB": [
        11450.282205025129,
        12168.458911704505,
        11658.08393001216,
        10577.39256382276,
        12747.261908125307,
        12233.9372863034,
        13089.587462311156,
        11086.417006227708,
        13070.61875929676,
        13154.69524780581
      ],
      "SW-LinUCB": [
        12278.30800589578,
        12863.305552647718,
        12506.28069126318,
        11189.215927826759,
        13736.022521134295,
        13092.165596902632,
        14065.476690153739,
        11703.582593583546,
        13950.733835644902,
        14065.393875837406
      ],
      "LowOFUL": [
        10854.80206516932,
        9739.797737766126,
        9061.51943223828,
        7899.2346003458915,
        13440.287728197833,
        11587.024269103296,
        7669.959300740873,
        6183.58081362234,
        8670.521170812775,
        9371.191734661674
      ]
    }
  }
}