{
  "config": {
    "N_SEEDS": 10,
    "T": 5000,
    "K": 10,
    "D": 60,
    "R": 5,
    "SIGMA_EPS": 0.3,
    "SPEC_RAD": 0.99,
    "SIGMA_ETA": 0.04,
    "N_ACTIONS": 40,
    "PROBE_EVERY": 50,
    "PROBE_COST": 0.1,
    "WINDOW": 400,
    "LAM": 0.01,
    "DELTA": 0.05,
    "FEATURE_DECAY": 1.5,
    "METHOD_NAMES": [
      "SPSC-Alg1",
      "SPSC-Adaptive",
      "BOSS-adapted",
      "Jedra-adapted"
    ]
  },
  "results": {
    "SPSC-Alg1": [
      333.7226339306721,
      295.7517549314791,
      329.6517700690409,
      327.88062700987166,
      321.8354533093846,
      337.2622600528435,
      254.7021222907879,
      333.4185195196227,
      264.68970073079373,
      350.5934438401737
    ],
    "SPSC-Adaptive": [
      340.23723517943597,
      315.58672495867313,
      325.5776351330398,
      299.3434034186591,
      356.55004467559877,
      317.98753701672445,
      251.94789332292208,
      345.3540189330361,
      283.25512733140664,
      350.8274933477206
    ],
    "BOSS-adapted": [
      444.197413738797,
      355.150195938932,
      383.671503117684,
      395.30128133334256,
      409.8712894702749,
      372.5300113343493,
      286.8069453261509,
      404.01764043099166,
      297.20525556494994,
      486.35960260661375
    ],
    "Jedra-adapted": [
      425.0084308641035,
      381.32612459928595,
      373.2837957600781,
      377.9904911061234,
      404.6634200445549,
      398.08652507880396,
      291.62629439807836,
      419.0785072180277,
      325.3597856776885,
      427.09266874630737
    ]
  }
}